<!--
    Input:
        system/libhidl/vintfdata/system_ext_manifest.default.xml
        system/hwservicemanager/hwservicemanager.xml
-->
<manifest version="8.0" type="framework">
    <hal format="hidl" max-level="8">
        <name>android.hidl.manager</name>
        <transport>hwbinder</transport>
        <fqname>@1.2::IServiceManager/default</fqname>
    </hal>
    <hal format="hidl" max-level="8">
        <name>android.hidl.token</name>
        <transport>hwbinder</transport>
        <fqname>@1.0::ITokenManager/default</fqname>
    </hal>
    <vendor-ndk>
        <version>34</version>
    </vendor-ndk>
</manifest>
